Model,Element number,SBERT_Similarity,ROUGE_L_Recall
Llama,element_1,0.8276868141614474,0.37145881185035523
Llama,element_2,0.6074267832132486,0.1840555158719093
Llama,element_3,0.5493266278734574,0.20261079238050592
Llama,element_4,0.6730747005114188,0.2412002826352741
Llama,element_5,0.6992469945779214,0.2134555354589935
Llama,element_6,0.6594356275521792,0.25238810547762974
