Model,Element number,SBERT_Similarity,ROUGE_L_Recall
Gpt,element_1,0.8378290281845973,0.35334932665921487
Gpt,element_2,0.5915260051305478,0.23709950835644664
Gpt,element_3,0.5968665641087753,0.25079963397233096
Gpt,element_4,0.6987419357666602,0.25978964081628425
Gpt,element_5,0.7468286385902991,0.25015223628751765
Gpt,element_6,0.6607258056218808,0.2501246193201143
