Model,Element number,SBERT_Similarity,ROUGE_L_Recall
Llama,element_1,0.599507749080658,0.09971260777208547
Llama,element_2,0.6074267717508169,0.1840555158719093
Llama,element_3,0.5493266152647825,0.20261079238050592
Llama,element_4,0.3812994360923767,0.14049404499338333
Llama,element_5,0.6874315738677979,0.09382716049382717
Llama,element_6,0.6594356321371518,0.25238810547762974
