Model,Element number,SBERT_Similarity,ROUGE_L_Recall
Llama,element_1,-0.010644706772067226,0.0
Llama,element_2,-0.014849968863507876,0.0
Llama,element_3,-0.02756925029321932,0.0
Llama,element_4,0.001357732036222632,0.0
Llama,element_5,-0.004393241547334652,0.0
Llama,element_6,0.05798640413782918,0.0
